Date,Time,Code,Object,Area,Status,Comment,CO2abs,CO2buf,dCO2ZP,dCO2MP,H2Oabs,H2Obuf,dH2OZP,dH2OMP,Flow,Pamb,Aux1,Aux2,Tcuv,Tleaf,Tamb,Tmin/max,PARtop,PARamb,Inside Fan,rh ,E,VPD,GH2O,A,ci,ca,wa,Red x T,Green x T,Blue x T,White x T,RGBW x T,PAR_LP,weight
yyyy-mm-dd,hh:mm:ss,string,No,cm2,string,,ppm,ppm,ppm,ppm,ppm,ppm,ppm,ppm,µmol/s,kPa,mV,mV,°C,°C,°C,°C,µmol m-2 s-1,µmol m-2 s-1,steps,%,mmol m-2 s-1,Pa/kPa,mmol m-2 s-1,µmol m-2 s-1,ppm,ppm,ppm,arb. unit,arb. unit,arb. unit,arb. unit,arb. unit,µmol m-2 s-1,g
2/12/2024,10:08:06,ZPc010,0,0,AFF2FF041FF----------1FF------,,464.4294,464.1666,-0.2487378,-0.2487378,13608.74,13614.93,331.5877,331.5877,1203.92,98.499,2113,1791,14.99,15,16.99,14.33,4.6,0.1,4,51.31,,,,,,463.83,13947,0,0,0,0,0,0,NA
2/12/2024,10:30:40,MP_010,1,69.472,AFF2FF041FF----------1FF------,,470.3298,468.8717,-0.2487378,-7.327048,13604.63,13599.33,331.5877,7369.669,1194.76,98.541,2168,1824,14.98,14.95,17.13,14.09,544,0.2,4,89.48,1.235895,-3.46247,-356.9403,0.6468558,466.9046,461.57,20637.4,37.8,35,57.05,45.15,175,0,67.55
2/12/2024,10:37:22,MP_010,1,69.472,AFF2FF041FF----------1FF------,,470.6717,470.2369,-0.2487378,12.81097,13624.32,13620.04,331.5877,7434.19,1193.5,98.547,2180,1831,14.97,14.97,19.55,14.26,0.2,0.3,4,89.82,1.246018,-3.527951,-353.1848,-2.84568,473.2628,483.2,20722.6,0,0,0,0,0,0,67.55
2/12/2024,10:52:07,MP_010,1,69.472,AFF2FF041FF----------1FF------,,470.5128,471.5195,-0.2487378,11.69476,13621.62,13614.56,331.5877,7574.06,1190.98,98.566,2206,1846,14.99,14.99,20.87,14.33,0.2,0.2,4,89.71,1.268047,-3.645942,-347.7968,-2.660815,474.45,483.66,20857,0,0,0,0,0,0,66.98
2/12/2024,11:00:31,MP_010,1,69.472,AFF2FF041FF----------1FF------,,471.7235,472.0609,-0.2487378,-10.87354,13597.56,13610.89,331.5877,7628.457,1192.71,98.566,2211,1845,14.99,15,17.02,14.04,504.5,0.2,4,89.48,1.279493,-3.686424,-347.0825,1.233602,469.7222,461.5,20907.8,48.6,45,73.35,58.05,225,0,66.98
2/12/2024,11:13:10,MP_010,1,69.472,AFF2FF041FF----------1FF------,,469.5597,469.9245,-0.2487378,12.35344,13596.28,13603.18,331.5877,7743.403,1192.81,98.581,2225,1858,14.99,14.99,19.78,14.29,0.5,0.3,4,89.48,1.2999,-3.809956,-341.1851,-2.790978,472.5972,482.52,21015,0,0,0,0,0,0,66.38
2/12/2024,11:21:23,MP_010,1,69.472,AFF2FF041FF----------1FF------,,471.4129,470.8732,-0.2487378,-13.05713,13610.19,13621.5,331.5877,7775.195,1194.08,98.597,2229,1856,14.99,15.03,16.84,14.03,521.3,0.2,4,89.45,1.306933,-3.81866,-342.2491,1.602909,468.0746,458.01,21065.1,54,50,81.5,64.5,250,0,66.38
2/12/2024,11:38:44,MP_010,1,69.472,AFF2FF041FF----------1FF------,,470.8808,470.3442,-0.2487378,11.42853,13610.53,13608.62,331.5877,7793.461,1193.66,98.619,2238,1864,14.99,14.96,20.14,14.29,0.1,0.4,4,89.4,1.309686,-3.907352,-335.1851,-2.6375,472.5235,481.89,21070.5,0,0,0,0,0,0,65.82
2/12/2024,11:46:15,MP_010,1,69.472,AFF2FF041FF----------1FF------,,469.12,469.5173,-0.2487378,-12.71584,13623.51,13633.16,331.5877,7813.958,1195.4,98.613,2237,1864,14.99,14.97,16.81,14.05,518.1,0.2,4,89.35,1.315259,-3.940988,-333.7384,1.544054,467.1183,457.06,21115.5,41.04,38,61.94,49.02,190,0,65.82
2/12/2024,12:03:42,MP_010,1,69.472,AFF2FF041FF----------1FF------,,471.7738,471.6066,-0.2487378,11.30856,13583.5,13592.76,331.5877,7899.966,1200.95,98.619,2240,1865,14.99,14.97,19.89,14.29,0.2,0.3,4,89.48,1.336616,-3.988649,-335.105,-2.643622,473.7803,483.11,21161.1,0,0,0,0,0,0,64.86
2/12/2024,12:22:46,MP_010,1,69.472,AFF2FF041FF----------1FF------,,472.7377,472.7595,-0.2487378,-14.18549,13614.97,13613.18,331.5877,7917.417,1201.03,98.628,2239,1857,15,14.95,17.34,14.07,519.1,0.5,4,89.56,1.339839,-4.051537,-330.6991,1.794596,470.2518,458.85,21199,37.8,35,57.05,45.15,175,0,64.86
2/12/2024,12:44:34,MP_010,1,69.472,AFF2FF041FF----------1FF------,,471.4955,471.3958,-0.2487378,11.10391,13621.16,13612.27,331.5877,7930.33,1199.92,98.629,2237,1861,14.99,14.99,19.98,14.32,0.2,0.3,4,89.66,1.340896,-4.018757,-333.6594,-2.608106,473.5235,482.72,21211,0,0,0,0,0,0,64.22
2/12/2024,12:52:32,MP_010,1,69.472,AFF2FF041FF----------1FF------,,471.1252,471.6819,-0.2487378,-15.13758,13616.16,13615.45,331.5877,7953.791,1200.82,98.634,2237,1860,14.99,14.94,17.15,14.09,514.8,0.3,4,89.5,1.346082,-4.103374,-328.0427,1.958544,469.1476,456.87,21237.7,37.8,35,57.05,45.15,175,0,64.22
2/12/2024,13:09:07,MP_010,1,69.472,AFF2FF041FF----------1FF------,,471.623,472.0343,-0.2487378,11.06362,13630.32,13622.4,331.5877,7963.205,1199.68,98.635,2241,1862,15,15,20.03,14.32,0.2,0.1,4,89.53,1.346487,-4.052445,-332.2654,-2.604357,474.1893,483.39,21254,0,0,0,0,0,0,63.07
2/12/2024,13:36:57,MP_010,1,69.472,AFF2FF041FF----------1FF------,,470.5685,470.9806,-0.2487378,-17.2844,13580.19,13585.22,331.5877,7996.372,1201.07,98.661,2233,1857,14.99,14.94,16.52,14.05,503,0.5,4,89.5,1.3539,-4.120785,-328.5539,2.330589,467.9992,453.97,21250,37.8,35,57.05,45.15,175,0,63.07
2/12/2024,14:14:50,MP_010,1,69.472,AFF2FF041FF----------1FF------,,471.0981,470.8292,-0.2487378,10.16525,13616.85,13614.9,331.5877,7956.942,1201.61,98.642,2243,1863,15,14.98,19.54,14.31,0.4,0.1,4,89.79,1.347527,-4.062263,-331.7184,-2.449626,472.6723,481.17,21240.3,0,0,0,0,0,0,61.89
2/12/2024,14:29:14,MP_010,1,69.472,AFF2FF041FF----------1FF------,,472.4921,472.3078,-0.2487378,-18.73106,13611.68,13609.97,331.5877,7945.829,1201.01,98.64,2238,1862,14.99,14.95,17.18,14.07,529.7,0.4,4,89.53,1.34487,-4.079417,-329.672,2.58485,468.9777,453.81,21224.2,41.04,38,61.94,49.02,190,0,61.89
2/12/2024,14:50:03,MP_010,1,69.472,AFF2FF041FF----------1FF------,,472.5381,472.1057,-0.2487378,10.74173,13611.2,13614.73,331.5877,8035.075,1199.73,98.627,2254,1872,15,14.99,19.81,14.27,0.1,0.3,4,89.61,1.359313,-4.127937,-329.2961,-2.554494,473.9596,482.98,21318.2,0,0,0,0,0,0,61.23
2/12/2024,15:00:45,MP_010,1,69.472,AFF2FF041FF----------1FF------,,474.1666,473.8488,-0.2487378,-19.7986,13604.67,13599.53,331.5877,7993.673,1199.44,98.617,2250,1868,14.99,14.94,17.47,14.05,518.1,0.3,4,89.37,1.351603,-4.124836,-327.6743,2.761348,470.3611,454.24,21261.6,41.04,38,61.94,49.02,190,0,61.23
2/12/2024,15:17:21,MP_010,1,69.472,AFF2FF041FF----------1FF------,,474.6782,474.3304,-0.2487378,9.969516,11606.23,11583.04,331.5877,9963.813,1185.53,98.615,2253,1870,14.99,14.97,19.6,14.31,0.1,0.2,4,89.61,1.679354,-4.043233,-415.3493,-2.557395,477.9401,484.51,21215.3,0,0,0,0,0,0,60.63
2/12/2024,15:27:35,MP_010,1,69.472,AFF2FF041FF----------1FF------,,475.1596,475.2223,-0.2487378,-21.36213,12141.28,12120.32,331.5877,9419.439,1186.66,98.611,2245,1864,14.99,14.93,17.41,14.06,468.8,0.2,4,89.35,1.585942,-4.080451,-388.6684,2.886261,468.6013,454.08,21208.2,41.04,38,61.94,49.02,190,0,60.63
2/12/2024,15:51:39,MP_010,1,69.472,AFF2FF041FF----------1FF------,,473.9871,474.2643,-0.2487378,9.794733,12273.9,12277.08,331.5877,9290.679,1183.55,98.615,2242,1861,15,14.97,19.53,14.32,0.3,0.2,4,89.58,1.559419,-4.064593,-383.6594,-2.466284,477.3306,484.31,21236.2,0,0,0,0,0,0,59.84
2/12/2024,16:03:47,MP_010,1,69.472,AFF2FF041FF----------1FF------,,475.909,475.5543,-0.2487378,-21.82181,12271.67,12271.71,331.5877,9249.411,1184.74,98.612,2240,1862,14.99,14.92,17.26,14.05,484.3,0.2,4,89.5,1.553723,-4.072865,-381.4815,2.973634,469.0524,453.96,21189.5,41.04,38,61.94,49.02,190,0,59.84
2/12/2024,16:46:03,MP_010,1,69.472,AFF2FF041FF----------1FF------,,475.804,475.6568,-0.2487378,9.144289,12326.78,12327.13,331.5877,9232.342,1189.03,98.579,2241,1864,14.99,14.97,18.87,14.35,0.1,0.3,4,89.43,1.556425,-4.049717,-384.3294,-2.36249,478.4439,484.99,21227.9,0,0,0,0,0,0,58.12
2/12/2024,16:57:16,MP_010,1,69.472,AFF2FF041FF----------1FF------,,476.1837,476.4109,-0.2487378,-17.65131,12295.8,12296.74,331.5877,9214.336,1188.1,98.584,2236,1858,14.99,14.98,17.31,14.05,528.7,0.2,4,89.22,1.551985,-3.989851,-388.9831,2.263739,471.013,459.04,21179.5,41.04,38,61.94,49.02,190,0,58.12
2/13/2024,9:57:28,ZPc010,0,0,AFC2FF041FF----------1FF------,,471.6258,472.0716,-1.408593,-1.408593,8613.58,8615.156,690.0621,690.0621,1214.68,99.348,1828,1553,14.99,14.98,17.26,14.25,89.5,0.1,4,32.91,,,,,,470.7,9305.5,0,0,0,0,0,0,NA
2/13/2024,10:08:44,MP_010,1,69.472,AFC2FF041FF----------1FF------,,467.8012,467.9704,-1.408593,8.287526,8831.154,8778.901,690.0621,10405.63,1203.66,99.357,1951,1624,14.99,14.92,19.19,14.35,0.2,0.3,4,87.87,1.715021,-1.454424,-1179.175,-2.499182,475.465,477.69,18494.5,0,0,0,0,0,0,58.99
2/13/2024,10:22:44,MP_010,1,69.472,AFC2FF041FF----------1FF------,,464.726,464.8453,-1.408593,-19.45006,10544.86,10498.91,690.0621,9496.026,1202.1,99.367,2070,1696,14.99,14.93,17.9,14.06,497.5,0.1,4,89.61,1.553723,-2.270996,-684.1594,2.427625,453.9008,446.77,19304.9,37.8,35,57.05,45.15,175,0,58.99
2/13/2024,10:41:03,MP_010,1,69.472,AFC2FF041FF----------1FF------,,463.2003,463.1046,-1.408593,8.427798,11662.72,11659.67,690.0621,8912.67,1198.76,99.386,2207,1773,14.99,14.98,20.03,14.28,0,0.2,4,89.53,1.447617,-2.80722,-515.6764,-2.38192,467.7841,472.93,19882.3,0,0,0,0,0,0,NA
2/13/2024,10:53:01,MP_010,1,69.472,AFC2FF041FF----------1FF------,,463.1025,463.1579,-1.408593,-20.90381,11933.7,11920.05,690.0621,8995.371,1195.04,99.388,2266,1808,14.99,14.98,17.85,14.04,505.3,0.2,4,89.43,1.45815,-3.157674,-461.7798,2.706552,455.0469,443.69,20225.4,37.8,35,57.05,45.15,175,0,NA
2/13/2024,11:08:27,MP_010,1,69.472,AFC2FF041FF----------1FF------,,463.9328,463.8162,-1.408593,8.231508,12314.92,12301.66,690.0621,8974.022,1197.36,99.407,2309,1835,15,14.99,19.92,14.3,0.1,0.3,4,89.43,1.457762,-3.517543,-414.4261,-2.351648,467.1685,473.44,20585.6,0,0,0,0,0,0,58.16
2/13/2024,13:21:33,ZPc010,0,0,AFC2FF041FF----------1FF------,,468.8332,469.0542,-0.7026681,-0.7026681,11943.89,11944.69,640.0679,640.0679,1196.55,99.442,2384,1875,14.99,14.98,17.25,14.22,3.7,0.2,4,38.03,,,,,,468.4,12584.8,0,0,0,0,0,0,NA
2/13/2024,13:36:40,MP_010,1,69.472,AFC2FF041FF----------1FF------,,468.956,468.8476,-0.7026681,-21.26735,12811.11,12787.22,640.0679,9444.408,1187.53,99.417,2389,1879,14.99,14.91,17.44,14.02,510.3,0.3,4,92.98,1.538195,-4.63651,-331.7571,2.825743,464.8495,448.26,21591.6,37.8,35,57.05,45.15,175,0,57.77
2/13/2024,13:53:31,MP_010,1,69.472,AFC2FF041FF----------1FF------,,469.4187,469.4014,-0.7026681,7.039282,13136.97,13131.26,640.0679,9101.354,1188.32,99.399,2397,1883,14.99,14.95,19.81,14.29,0.2,0.3,4,92.8,1.479245,-4.589618,-322.3025,-2.030054,470.6973,477.13,21592.5,0,0,0,0,0,0,57.28
2/13/2024,14:04:28,MP_010,1,69.472,AFC2FF041FF----------1FF------,,470.1799,470.3185,-0.7026681,-21.5092,13184.47,13181.91,640.0679,9060.377,1189.63,99.392,2398,1883,14.99,14.94,17.52,14.01,549.4,0.3,4,92.96,1.473719,-4.609479,-319.7148,2.900389,466.9873,449.54,21602.2,37.8,35,57.05,45.15,175,0,57.28
2/13/2024,14:23:36,MP_010,1,69.472,AFC2FF041FF----------1FF------,,470.7791,470.9639,-0.7026681,6.099934,13311.52,13303.63,640.0679,8935.086,1188.15,99.391,2406,1886,15,14.99,20.15,14.29,0.2,0.3,4,92.28,1.449979,-4.549588,-318.7057,-1.856177,472.055,477.77,21598.7,0,0,0,0,0,0,56.5
2/13/2024,14:40:13,MP_010,1,69.472,AFC2FF041FF----------1FF------,,472.3775,472.4629,-0.7026681,-17.50723,13370.05,13367.9,640.0679,8915.391,1189.56,99.4,2411,1889,15,14.98,17.83,13.99,553.4,0.3,4,92.85,1.448319,-4.607953,-314.3085,2.217425,470.033,455.7,21643.2,37.8,35,57.05,45.15,175,0,56.5
2/13/2024,14:56:57,MP_010,1,69.472,AFC2FF041FF----------1FF------,,473.7472,473.3271,-0.7026681,5.478654,13444.79,13441.51,640.0679,8900.408,1186.63,99.39,2417,1891,15,14.99,20.84,14.21,0.1,0.3,4,92.72,1.442222,-4.654897,-309.829,-1.747257,474.0946,479.43,21701.9,0,0,0,0,0,0,55.88
2/13/2024,15:11:13,MP_010,1,69.472,AFC2FF041FF----------1FF------,,474.4983,474.322,-0.7026681,-16.91814,13395.9,13399.65,640.0679,8938.521,1188.17,99.392,2418,1893,14.99,14.96,17.86,13.97,493.7,0.3,4,92.83,1.450752,-4.685078,-309.6537,2.108721,472.1229,458.1,21698.1,37.8,35,57.05,45.15,175,0,55.88
2/13/2024,15:31:34,MP_010,1,69.472,AFC2FF041FF----------1FF------,,474.6661,474.4926,-0.7026681,4.988173,13482.93,13481.1,640.0679,8861.472,1186.59,99.411,2419,1893,14.99,14.98,20.27,14.22,0.2,0.5,4,92.59,1.435377,-4.670473,-307.3301,-1.661213,475.2081,480.16,21702.5,0,0,0,0,0,0,55.14
2/13/2024,15:48:42,MP_010,1,69.472,AFC2FF041FF----------1FF------,,475.9882,475.6749,-0.7026681,-15.25603,13386.51,13388.46,640.0679,8945.631,1187.45,99.42,2421,1894,14.99,14.95,17.74,13.96,539.1,0.2,4,92.59,1.451109,-4.697012,-308.9429,1.81847,473.6769,461.07,21694,41.04,38,61.94,49.02,190,0,55.14
2/13/2024,16:15:11,MP_010,1,69.472,AFC2FF041FF----------1FF------,,476.7947,476.6192,-0.7026681,4.580602,13478.85,13474.91,640.0679,8827.252,1185.78,99.444,2421,1894,15,14.99,20.28,14.23,0.1,0.2,4,92.07,1.428368,-4.623729,-308.9211,-1.590089,477.3197,481.89,21662.1,0,0,0,0,0,0,54.28
2/13/2024,16:29:58,MP_010,1,69.472,AFC2FF041FF----------1FF------,,478.7416,478.2183,-0.7026681,-13.77073,13409.14,13413.27,640.0679,8958.974,1188.23,99.445,2422,1895,15,14.99,17.69,14,510.5,0.2,4,92.75,1.454451,-4.695539,-309.7517,1.558689,476.3781,465.08,21732.2,37.8,35,57.05,45.15,175,0,54.28
2/14/2024,9:54:49,ZPc010,0,0,AFC2FF041FF----------1FF------,,500.2348,500.5087,-1.740127,-1.740127,8570.765,8567.359,582.8383,582.8383,1221.85,99.588,1856,1570,15,14.94,16.34,14.38,2.8,0.2,4,31.9,,,,,,498.81,9149.8,0,0,0,0,0,0,NA
2/14/2024,10:11:00,MP_010,1,69.472,AFC2FF041FF----------1FF------,,491.671,491.5603,-1.740127,3.671603,9204.866,9156.884,582.8383,10213.78,1206.25,99.572,2003,1658,15,14.94,17.97,14.37,0.2,0.1,4,86.96,1.70425,-1.768501,-963.6693,-1.786555,495.4168,496.94,18787.8,0,0,0,0,0,0,53.01
2/14/2024,10:46:40,MP_010,1,69.472,AFC2FF041FF----------1FF------,,496.4731,496.3492,-1.740127,-19.57284,11182.55,11159.1,582.8383,9646.157,1199.12,99.57,2203,1778,15,14.97,16.8,14.15,525.3,0.2,4,89.32,1.59666,-3.197719,-499.3123,2.31401,488.1407,478.5,20222.4,32.4,30,48.9,38.7,150,0,53.01
2/14/2024,11:10:35,MP_010,1,69.472,AFC2FF041FF----------1FF------,,495.3132,495.1157,-1.740127,3.643684,12039.53,12021.78,582.8383,9103.463,1191.93,99.573,2280,1822,14.99,14.98,19.54,14.23,0.5,0.6,4,88.73,1.492543,-3.513688,-424.7795,-1.670658,497.0584,500.46,20542.4,0,0,0,0,0,0,52.03
2/14/2024,11:47:44,MP_010,1,69.472,AFC2FF041FF----------1FF------,,491.048,490.8489,-1.740127,-15.783,12682.5,12675.77,582.8383,8940.896,1192.28,99.579,2334,1846,15,15,16.9,14.05,500.4,0.4,4,89.06,1.465231,-3.994176,-366.8419,1.711404,487.0908,476.81,21033.8,41.04,38,61.94,49.02,190,0,52.03
2/14/2024,12:04:32,MP_010,1,69.472,AFC2FF041FF----------1FF------,,486.7907,487.3609,-1.740127,3.504414,12937.07,12924.91,582.8383,8811.299,1195.06,99.583,2351,1856,15,15,18.95,14.27,0.5,0.1,4,89.17,1.446052,-4.116993,-351.2398,-1.614638,488.6802,492.7,21153.4,0,0,0,0,0,0,51.45
2/14/2024,12:26:16,MP_010,1,69.472,AFC2FF041FF----------1FF------,,486.2002,486.4832,-1.740127,-14.53576,13108.11,13104.56,582.8383,8756.541,1194.89,99.571,2366,1865,15,14.97,16.79,14.04,546.6,0.2,4,89.01,1.436408,-4.276107,-335.9148,1.520327,483.9848,473.73,21278.3,37.8,35,57.05,45.15,175,0,51.45
2/14/2024,12:42:51,MP_010,1,69.472,AFC2FF041FF----------1FF------,,485.7296,485.7433,-1.740127,3.093391,13347.29,13337.24,582.8383,8594.943,1196.38,99.54,2375,1870,15,14.99,19.25,14.3,0.5,0.1,4,88.86,1.409868,-4.320917,-326.289,-1.524049,486.5969,490.59,21349.4,0,0,0,0,0,0,50.73
2/14/2024,13:15:50,MP_010,1,69.472,AFC2FF041FF----------1FF------,,486.1051,485.929,-1.740127,-12.86387,13472.75,13470.14,582.8383,8548.195,1195.13,99.539,2386,1877,15,14.94,16.73,14.02,511.1,0.3,4,88.86,1.4003,-4.464757,-313.6341,1.248816,484.3115,474.76,21435.5,37.8,35,57.05,45.15,175,0,50.73
2/14/2024,13:41:41,MP_010,1,69.472,AFC2FF041FF----------1FF------,,488.2373,488.5524,-1.740127,2.897464,13892.03,13883.89,582.8383,8104.823,1192.67,99.521,2393,1880,14.99,14.99,19.77,14.25,0.3,0.5,4,88.31,1.319594,-4.375355,-301.597,-1.447081,489.1378,493.27,21405.9,0,0,0,0,0,0,50.06
2/14/2024,14:05:00,MP_010,1,69.472,AFC2FF041FF----------1FF------,,489.874,489.7116,-1.740127,-10.93165,13867.19,13865.04,582.8383,8213.095,1193.76,99.513,2398,1882,15,14.99,17.25,14.02,507.3,0.1,4,88.83,1.339934,-4.465338,-300.0746,0.9355844,488.7296,480.49,21495.3,37.8,35,57.05,45.15,175,0,50.06
2/14/2024,14:28:13,MP_010,1,69.472,AFC2FF041FF----------1FF------,,489.2319,489.3354,-1.740127,2.471753,14124.85,14113.47,582.8383,7890.135,1192.52,99.526,2399,1883,15,15.01,19.79,14.25,0.1,0.2,4,87.97,1.281789,-4.369004,-293.3824,-1.355603,489.6825,493.54,21420.8,0,0,0,0,0,0,49.34
2/14/2024,14:49:18,MP_010,1,69.472,AFC2FF041FF----------1FF------,,491.093,491.3685,-1.740127,-9.04042,14190.56,14187.98,582.8383,7908.729,1193.04,99.51,2402,1884,15,14.99,17.4,13.96,519.9,0.3,4,88.65,1.285734,-4.483794,-286.7513,0.6312529,490.9443,484.1,21513.9,41.04,38,61.94,49.02,190,0,49.34
2/14/2024,15:16:44,MP_010,1,69.472,AFC2FF041FF----------1FF------,,492.3843,492.3934,-1.740127,2.147319,14459.67,14457.19,582.8383,7374.598,1194.13,99.508,2406,1886,14.99,14.99,19.98,14.25,0.2,0.3,4,86.86,1.192757,-4.212739,-283.131,-1.260153,492.5962,496.29,21249,0,0,0,0,0,0,48.7
2/14/2024,15:29:50,MP_010,1,69.472,AFC2FF041FF----------1FF------,,492.6707,492.8445,-1.740127,-7.692873,14442.81,14444.13,582.8383,7654.741,1193.27,99.513,2409,1887,14.99,14.96,17.5,13.96,500.6,0.3,4,88.49,1.241399,-4.520148,-274.6369,0.4179853,492.7583,486.93,21516,41.04,38,61.94,49.02,190,0,48.7
2/14/2024,15:57:08,MP_010,1,69.472,AFC2FF041FF----------1FF------,,494.9771,495.0211,-1.740127,1.71149,14655.96,14651.23,582.8383,6797.632,1193.01,99.519,2411,1888,15,14.99,20.26,14.25,0.3,0.2,4,84.63,1.089981,-3.823499,-285.0741,-1.136064,495.2267,498.48,20866,0,0,0,0,0,0,48.09
2/14/2024,16:07:25,MP_010,1,69.472,AFC2FF041FF----------1FF------,,494.2702,494.7392,-1.740127,-5.94543,14631.76,14634.24,582.8383,7410.273,1194.61,99.51,2412,1888,14.99,14.97,17.63,13.95,516.1,0.3,4,88.23,1.199765,-4.452872,-269.4362,0.1344968,494.8214,490.62,21461.7,43.2,40,65.2,51.6,200,0,48.09
2/14/2024,16:37:31,MP_010,1,69.472,AFC2FF041FF----------1FF------,,496.3445,496.3788,-1.740127,1.498932,14856.08,14849.35,582.8383,6152.073,1191.34,99.522,2416,1890,14.99,15,20.56,14.28,0.2,0.3,4,81.77,0.9749467,-3.35594,-290.5137,-1.042543,496.6195,499.61,20418.6,0,0,0,0,0,0,47.39
2/14/2024,16:46:58,MP_010,1,69.472,AFC2FF041FF----------1FF------,,502.0482,502.14,-1.740127,-4.469468,14818.05,14820.33,582.8383,7072.245,1191.1,99.515,2416,1891,14.99,14.97,17.76,14,535.8,0.3,4,87.09,1.136837,-4.298487,-264.4737,-0.0998466,502.2195,499.45,21309.7,36.72,34,55.42,43.86,170,0,47.39
2/14/2024,17:10:43,MP_010,1,69.472,AFC2FF041FF----------1FF------,,503.3598,503.2804,-1.740127,1.567921,14989.05,14980.65,582.8383,6316.793,1188.4,99.509,2418,1892,15,14.99,20.48,14.22,0.2,0.3,4,82.81,1.001608,-3.667118,-273.1322,-1.073275,503.3387,506.58,20714.6,0,0,0,0,0,0,46.87
2/14/2024,17:23:53,MP_010,1,69.472,AFC2FF041FF----------1FF------,,508.1751,508.2766,-1.740127,-4.263015,14941.16,14943.4,582.8383,7137.706,1190.82,99.527,2418,1891,14.99,14.96,17.83,13.96,540.8,0.6,4,87.71,1.148256,-4.504437,-254.9166,-0.1483394,508.4557,505.8,21498.3,37.8,35,57.05,45.15,175,0,46.87
2/15/2024,9:43:18,ZPc010,0,0,AFC2FF041FF----------1FF------,,482.613,483.0505,-0.7740065,-0.7740065,10607.85,10548.24,259.7445,259.7445,1195.19,98.987,1993,1650,15,14.97,16.37,14.37,2.9,0.1,4,39.19,,,,,,482.36,10799.9,0,0,0,0,0,0,NA
2/15/2024,9:56:36,MP_010,1,69.472,AFC2FF041FF----------1FF------,,478.207,478.3434,-0.7740065,0.7286139,11663.6,11626.92,259.7445,6808.927,1191.28,98.974,2092,1710,14.99,14.97,18.25,14.37,0.1,0.2,4,79.2,1.143819,-1.006676,-1136.234,-0.8065599,479.526,479.88,18176.1,0,0,0,0,0,0,44.91
2/15/2024,10:34:40,MP_010,1,69.472,AFC2FF041FF----------1FF------,,475.6837,475.6129,-0.7740065,-5.047915,13358.88,13338.72,259.7445,7428.639,1182.23,98.963,2259,1811,15,14.98,16.9,13.97,498.9,0.3,4,88,1.245499,-3.370963,-369.4786,0.1402529,474.4189,471.34,20507.6,37.8,35,57.05,45.15,175,0,44.91
2/15/2024,11:19:19,MP_010,1,69.472,AFC2FF041FF----------1FF------,,485.1343,484.8635,-0.7740065,0.7662687,14781.47,14762.01,259.7445,5139.623,1181.12,98.968,2346,1852,14.99,14.99,18.96,14.27,0.3,0.1,4,78.97,0.8462692,-2.477113,-341.6353,-0.6734595,485.1619,486.36,19641.9,0,0,0,0,0,0,44.13
2/15/2024,11:30:12,MP_010,1,69.472,AFC2FF041FF----------1FF------,,483.6972,483.3661,-0.7740065,-2.196412,14982.1,14973.36,259.7445,6021.021,1180.05,98.961,2357,1858,14.99,14.99,17.27,13.99,527.9,0.1,4,85.07,0.99933,-3.591132,-278.2772,-0.2399077,483.1982,481.84,20734.6,35.64,33,53.79,42.57,165,0,44.13
2/15/2024,11:54:45,MP_010,1,69.472,AFC2FF041FF----------1FF------,,481.4219,481.9515,-0.7740065,0.9851549,15562.39,15548.88,259.7445,4605.719,1175.95,98.93,2380,1870,14.99,15,20.26,14.21,0.2,0.4,4,79.02,0.7505742,-2.717165,-276.2343,-0.6608854,482.0948,483.78,19894.9,0,0,0,0,0,0,43.72
2/15/2024,12:06:48,MP_010,1,69.472,AFC2FF041FF----------1FF------,,492.0087,491.8742,-0.7740065,-1.533591,15677.49,15669.81,259.7445,5621.35,1175.81,98.92,2388,1874,15,14.97,17.42,13.93,508.9,0.3,4,85.46,0.9269441,-3.909535,-237.0983,-0.3266444,491.9284,491.08,21031.4,37.8,35,57.05,45.15,175,0,43.72
2/15/2024,12:46:33,MP_010,1,69.472,AFC2FF041FF----------1FF------,,492.1081,491.7014,-0.7740065,9.94457,16340.97,16334.52,259.7445,6143.023,1167.32,98.89,2410,1886,15,14.94,21.13,14.24,0.1,0.3,4,89.53,1.011015,-5.150623,-196.2898,-2.308918,487.9988,502.37,22217.8,0,0,0,0,0,0,57.9
2/15/2024,13:02:19,MP_010,1,69.472,AFC2FF041FF----------1FF------,,491.4341,491.8902,-0.7740065,-0.7342973,16441.94,16431.73,259.7445,6129.724,1173.71,98.889,2415,1889,15,14.95,17.63,14.28,52.1,0.2,4,90.15,1.014338,-5.225008,-194.1314,-0.5057226,491.9059,491.96,22301.7,3.78,3.5,5.71,4.52,17.5,0,57.9
2/15/2024,13:15:01,MP_010,1,69.472,AFC2FF041FF----------1FF------,,492.3857,492.4895,-0.7740065,-6.289991,16555.08,16553.03,259.7445,6026.288,1173.67,98.886,2418,1891,14.99,14.96,17.78,14.28,102.4,0.1,4,90.13,0.9964485,-5.231483,-190.4715,0.446608,494.6635,487,22319.6,7.56,7,11.41,9.03,35,0,57.9
2/15/2024,13:28:02,MP_010,1,69.472,AFC2FF041FF----------1FF------,,494.2278,494.0873,-0.7740065,-12.06412,16613.64,16614.36,259.7445,5972.397,1172.96,98.882,2418,1890,14.99,14.97,17.75,14.24,200,0.1,4,90.18,0.9865465,-5.227111,-188.7365,1.429949,498.5803,482.76,22327,15.12,14,22.82,18.06,70,0,57.9
2/15/2024,13:36:46,MP_010,1,69.472,AFC2FF041FF----------1FF------,,494.9619,494.9102,-0.7740065,-17.36171,16700.04,16696.14,259.7445,5851.064,1171.84,98.885,2419,1891,14.99,14.97,17.9,14.11,399.1,0.2,4,89.92,0.964632,-5.187188,-185.9644,2.336578,501.8868,478.32,22287.5,30.78,28.5,46.46,36.77,142.5,0,56.85
2/15/2024,14:02:00,MP_010,1,69.472,AFC2FF041FF----------1FF------,,486.235,486.3804,-0.7740065,-19.22671,16852.84,16854,259.7445,5667.394,1170.42,98.879,2422,1892,14.99,14.9,18.1,13.9,795.9,0.2,4,89.5,0.9317897,-5.238501,-177.8733,2.6728,495.2869,467.91,22261.7,58.32,54,88.02,69.66,270,0,59.4
2/15/2024,14:12:49,MP_010,1,69.472,AFC2FF041FF----------1FF------,,480.6343,480.9685,-0.7740065,-22.62285,16955.76,16950.95,259.7445,5523.95,1168.51,98.875,2424,1893,14.99,14.86,18.12,13.71,1189.1,0.3,4,88.93,0.9055493,-5.235115,-172.976,3.259173,492.4188,459.14,22215.2,91.8,85,138.55,109.65,425,0,57.69
2/15/2024,15:18:33,ZPc010,0,0,AFC2FF041FF----------1FF------,,481.9586,482.2287,-0.5850874,-0.5850874,17274.74,17270.46,527.0004,527.0004,1193.02,98.879,2437,1900,9.88,9.99,18.11,9.02,2.8,0.2,3,87.22,,,,,,482.45,17537.1,0,0,0,0,0,0,NA
2/15/2024,15:42:08,MP_010,1,69.472,AFC2FF041FF----------1FF------,,483.252,482.5762,-0.5850874,7.295394,17445.81,17440.71,527.0004,564.6804,1184.74,98.889,2438,1902,10.01,9.94,21.71,9.09,0.1,0.2,3,87.14,6.54E-03,-5.195547,-1.258772,-1.347104,-1181.882,490.39,17478.4,0,0,0,0,0,0,60.06
2/15/2024,15:55:11,MP_010,1,69.472,AFC2FF041FF----------1FF------,,483.6749,484.002,-0.5850874,-2.507756,17384.77,17384.46,527.0004,749.3865,1196.86,98.914,2439,1902,9.97,9.9,18.13,9.13,51.2,0.4,3,87.79,3.90E-02,-5.362969,-7.271965,0.3124344,553.4661,482.11,17606.9,3.24,3,4.89,3.87,15,0,60.06
2/15/2024,16:05:21,MP_010,1,69.472,AFC2FF041FF----------1FF------,,485.9945,485.0941,-0.5850874,-6.955048,17383.62,17382.5,527.0004,802.5028,1197.84,98.9,2440,1902,9.99,9.9,18.12,9.16,107.1,0.3,3,87.66,4.84E-02,-5.413275,-8.932867,1.07517,671.1881,478.57,17658,7.02,6.5,10.6,8.39,32.5,0,60.06
2/15/2024,16:18:02,MP_010,1,69.472,AFC2FF041FF----------1FF------,,484.3944,484.6823,-0.5850874,-11.12502,17289.07,17297.92,527.0004,890.5591,1194.77,98.945,2439,1901,9.99,9.9,17.99,9.13,202.2,0.4,3,87.79,6.36E-02,-5.422489,-11.73786,1.782462,716.1194,474.19,17661.5,13.5,12.5,20.38,16.13,62.5,0,59.02
2/15/2024,16:32:23,MP_010,1,69.472,AFC2FF041FF----------1FF------,,485.8495,486.0102,-0.5850874,-16.82304,17229.52,17226.66,527.0004,927.5843,1191.79,98.965,2438,1901,10,9.87,18.14,8.99,397.9,0.2,3,87.38,7.00E-02,-5.415226,-12.91786,2.752753,807.6063,469.78,17627.2,33.48,31,50.53,39.99,155,0,59.02
2/15/2024,16:41:41,MP_010,1,69.472,AFC2FF041FF----------1FF------,,487.3381,486.9528,-0.5850874,-21.42327,17287.23,17282.72,527.0004,765.1238,1189.41,98.982,2437,1901,10,9.84,18.42,8.73,791.4,0.4,3,87.38,4.15E-02,-5.334076,-7.779303,3.548308,1184.406,465.99,17520.8,70.2,65,105.95,83.85,325,0,59.02
2/15/2024,16:50:04,MP_010,1,69.472,AFC2FF041FF----------1FF------,,487.6286,487.3888,-0.5850874,-23.98957,17335.7,17332.71,527.0004,584.0309,1186.85,98.981,2437,1901,9.99,9.82,18.32,8.49,1139.6,0.2,3,86.88,9.92E-03,-5.217173,-1.900563,3.993789,3759.285,463.96,17389.7,108,100,163,129,500,0,57.95
2/16/2024,10:21:19,ZPc010,0,0,AFC2FF041FF----------1FF------,,476.4037,476.7952,8.11E-02,8.11E-02,13565.87,13537.34,-2460.207,-2460.207,1219.46,99.922,2103,1694,4.77,5.03,19.11,3.42,14.3,0.4,4,83.93,,,,,,476.95,11073.1,0,0,0,0,0,0,NA
2/16/2024,10:24:03,ZPc010,0,0,AFC2FF041FF----------1FF------,,474.8138,475.1073,0.118041,0.118041,13722.54,13690.61,-2410.331,-2410.331,1219.93,99.924,2125,1706,4.85,5.11,19.15,3.61,18.7,0.3,4,84.52,,,,,,475.17,13736,0,0,0,0,0,0,NA
2/16/2024,10:39:51,MP_010,1,69.472,AFC2FF041FF----------1FF------,,472.2075,472.4275,0.118041,5.260477,14216.17,14201.32,-2410.331,-1863.408,1211.91,99.96,2217,1760,5.57,5.66,27.23,4.5,1,0.7,4,85.92,9.68E-02,-5.683583,-17.03794,-0.9433276,395.1176,477.62,14748.2,0,0,0,0,0,0,61.1
2/16/2024,10:58:24,MP_010,1,69.472,AFC2FF041FF----------1FF------,,472.8334,472.8331,0.118041,-3.739257,14680.43,14668,-2410.331,-1953.847,1224.82,100,2287,1813,4.95,4.98,18.63,3.74,51.7,0.3,4,87.27,8.17E-02,-6.494814,-12.58173,0.6417368,553.6992,468.95,15124.5,3.24,3,4.89,3.87,15,0,61.1
2/16/2024,11:08:09,MP_010,1,69.472,AFC2FF041FF----------1FF------,,474.1645,474.2342,0.118041,-6.897027,14975.44,14957.49,-2410.331,-1934.073,1224.92,100.011,2318,1835,4.97,4.98,18.74,3.79,98.9,0.5,4,87.4,8.53E-02,-6.809839,-12.52444,1.197035,622.1349,467.25,15433.8,6.48,6,9.78,7.74,30,0,61.1
2/16/2024,11:22:27,MP_010,1,69.472,AFC2FF041FF----------1FF------,,474.2323,474.2914,0.118041,-10.83243,15471.8,15455.26,-2410.331,-2122.533,1223.72,100.029,2352,1856,4.98,4.94,18.58,3.72,202.5,0.3,4,87.38,5.15E-02,-7.150094,-7.203434,1.905015,883.3974,463.33,15743.1,15.66,14.5,23.64,18.71,72.5,0,59.89
2/16/2024,11:35:34,MP_010,1,69.472,AFC2FF041FF----------1FF------,,475.5856,475.7539,0.118041,-14.74829,15848.03,15834.18,-2410.331,-2337.882,1222.78,100.049,2372,1867,4.98,4.93,18.8,3.63,400.9,0.3,4,87.07,1.30E-02,-7.324152,-1.769207,2.610658,2781.373,460.9,15906.6,31.86,29.5,48.09,38.06,147.5,0,59.89
2/16/2024,11:45:47,MP_010,1,69.472,AFC2FF041FF----------1FF------,,476.9588,476.8704,0.118041,-18.58745,16138.38,16128.87,-2410.331,-2614.707,1219.66,100.07,2384,1870,4.99,4.87,18.77,3.35,800.4,0.4,4,86.52,-3.65E-02,-7.380699,4.940068,3.300664,-584.941,458.09,15924.5,66.96,62,101.06,79.98,310,0,59.89
2/16/2024,11:54:45,MP_010,1,69.472,AFC2FF041FF----------1FF------,,476.4284,476.8463,0.118041,-20.88422,16367.2,16351.03,-2410.331,-2863.463,1217.07,100.07,2391,1873,5,4.88,19.08,3.06,1193.4,0.7,4,85.85,-8.07E-02,-7.347589,10.97856,3.716135,-69.89228,455.94,15897.9,106.92,99,161.37,127.71,495,0,58.46
2/16/2024,12:33:55,ZPc010,0,0,AFC2FF041FF----------1FF------,,478.4346,478.4543,-0.6887911,-0.6887911,19348.05,19343.33,1092.227,1092.227,1149.59,100.11,2418,1888,24.99,24.91,18.66,24.7,5.7,0.2,4,42.85,,,,,,477.69,22845.2,0,0,0,0,0,0,NA
2/16/2024,13:01:39,MP_010,1,69.472,AFC2FF041FF----------1FF------,,478.4506,477.9459,-0.6887911,17.82688,19353.93,19375.77,1092.227,8574.797,1137.36,100.13,2429,1894,24.99,24.96,20.92,24.72,0,0.2,4,87.71,1.258818,4.837314,260.2307,-3.656143,514.4833,496.38,26858.3,0,0,0,0,0,0,59.31
2/16/2024,13:13:12,MP_010,1,69.472,AFC2FF041FF----------1FF------,,478.6596,478.6681,-0.6887911,4.444387,19074.09,19087.63,1092.227,9144.476,1136.33,100.151,2431,1894,24.98,24.95,18.83,24.71,55.1,0.2,4,88.21,1.353822,4.521714,299.4045,-1.494568,488.1393,483.78,27139.9,3.78,3.5,5.71,4.52,17.5,0,59.31
2/16/2024,13:54:45,MP_010,1,69.472,AFC2FF041FF----------1FF------,,478.8222,478.8378,-0.6887911,10.67542,18099.84,18119.57,1092.227,9960.266,1169.46,100.214,2439,1899,19.99,19.97,21.29,19.44,0,0.2,4,93.19,1.53421,-3.803479,-403.3701,-2.665069,482.7796,490.2,26987.6,0,0,0,0,0,0,60.77
2/16/2024,14:06:56,MP_010,1,69.472,AFC2FF041FF----------1FF------,,480.4446,480.4755,-0.6887911,-1.3749,18437.56,18442.34,1092.227,9700.505,1156.21,100.238,2440,1900,19.99,19.96,18.57,19.46,53.7,0.1,4,93.11,1.472492,-3.888701,-378.659,-0.592299,480.2619,479.79,27050.6,3.24,3,4.89,3.87,15,0,60.77
2/16/2024,14:19:42,MP_010,1,69.472,AFC2FF041FF----------1FF------,,480.6127,480.7135,-0.6887911,-6.376753,18288.29,18302.47,1092.227,9806.073,1156.66,100.253,2441,1900,19.99,19.95,18.55,19.45,102.6,0.1,4,92.9,1.491078,-3.871755,-385.1167,0.2388184,478.7977,474.95,27016.3,6.48,6,9.78,7.74,30,0,59.98
2/16/2024,14:34:32,MP_010,1,69.472,AFC2FF041FF----------1FF------,,481.3842,481.367,-0.6887911,-13.33048,18162.38,18183.94,1092.227,9921.865,1159.05,100.289,2439,1900,19.98,19.92,18.59,19.4,199.9,0.1,4,92.7,1.514009,-3.921665,-386.0629,1.39944,477.2786,468.73,27013.6,14.58,13.5,22.01,17.42,67.5,0,59.98
2/16/2024,14:42:26,MP_010,1,69.472,AFC2FF041FF----------1FF------,,481.5281,481.8488,-0.6887911,-19.67686,18044.38,18046.68,1092.227,10037.02,1157.76,100.297,2439,1900,19.99,19.92,18.57,19.29,401.7,0.2,4,92.83,1.532013,-3.900837,-392.7395,2.455218,475.5076,462.9,26991.5,29.7,27.5,44.83,35.48,137.5,0,59.98
2/16/2024,15:02:00,MP_010,1,69.472,AFC2FF041FF----------1FF------,,483.6815,483.584,-0.6887911,-27.31939,17705.46,17712.06,1092.227,10526.1,1155.09,100.336,2439,1900,19.99,19.89,18.82,19.04,798.3,0.2,4,92.9,1.612309,-4.112908,-392.012,3.691061,474.617,456.94,27145.9,61.56,57,92.91,73.53,285,0,59.98
2/16/2024,15:52:55,MP_010,1,69.472,AFC2FF041FF----------1FF------,,488.0707,487.5595,-0.6887911,-17.73993,16642.42,16660.05,1092.227,11670.65,1151.96,100.411,2440,1901,19.98,19.87,18.7,18.69,1204.6,0.5,4,91.94,1.803193,-4.25505,-423.7771,1.979101,480.8627,470.42,27238.5,98.28,91,148.33,117.39,455,0,56.49
2/26/2024,9:21:03,ZPc010,0,0,AFC2FF041FF----------1FF------,,483.5079,483.5355,-2.020229,-2.020229,10075.52,10051.5,-563.2427,-563.2427,1252.67,100.826,1854,1566,4.79,4.96,17.49,3.51,10,0.7,4,71.57,,,,,,481.51,9484.7,0,0,0,0,0,0,NA
2/26/2024,9:38:38,MP_010,1,69.472,AFC2FF041FF----------1FF------,,480.0031,480.4799,-2.020229,5.191583,11052.43,11018.61,-563.2427,448.7045,1249.81,100.84,2031,1671,5.12,5.16,25.55,3.81,0.3,0.6,4,85.69,0.1842674,-3.321497,-55.47721,-1.3873,451.2224,487.8,12030.6,0,0,0,0,0,0,68.38
2/26/2024,9:55:28,MP_010,1,69.472,AFC2FF041FF----------1FF------,,481.4224,481.6421,-2.020229,-7.509653,11990.17,11964.18,-563.2427,-31.63806,1249.78,100.861,2147,1741,4.98,5,17.78,3.5,537.5,0.5,4,86.78,9.68E-02,-3.892139,-24.88199,0.9414153,538.2827,476.18,12495.8,39.96,37,60.31,47.73,185,0,68.38
2/26/2024,10:25:03,MP_010,1,69.472,AFC2FF041FF----------1FF------,,472.929,472.6366,-2.020229,4.578042,13515.32,13482.28,-563.2427,-598.0509,1223.41,100.894,2276,1819,5.27,5.3,27.38,4.08,0.2,0.3,4,86,-6.21E-03,-4.675059,1.32905,-1.158986,1848.06,479.19,13447.5,0,0,0,0,0,0,65.91
2/26/2024,10:39:08,MP_010,1,69.472,AFC2FF041FF----------1FF------,,471.196,471.2703,-2.020229,-10.24513,14057.18,14049.13,-563.2427,-1102.374,1235.06,100.916,2326,1846,4.91,4.91,18,3.5,536.6,0.7,4,87.12,-9.72E-02,-4.979022,19.51356,1.507196,345.699,463.05,13510,35.64,33,53.79,42.57,165,0,65.91
2/26/2024,11:01:25,ZPc010,0,0,AFC2FF041FF----------1FF------,,461.9034,461.857,0.3560136,0.3560136,14431.23,14424.41,-1003.597,-1003.597,1238.17,100.931,2365,1862,4.97,5.07,18.02,3.91,7.3,0.2,4,86.36,,,,,,464.23,13983,0,0,0,0,0,0,NA
2/26/2024,11:14:31,MP_010,1,69.472,AFC2FF041FF----------1FF------,,462.2379,462.5321,0.3560136,4.020465,14627.29,14616.95,-1003.597,-999.32,1221.63,100.94,2379,1869,5.14,5.12,25.29,4.01,0.4,0.6,4,85.9,7.63E-04,-5.980406,-0.1276351,-0.6447312,-7446.395,466.29,14621.2,0,0,0,0,0,0,61.64
2/26/2024,11:33:55,MP_010,1,69.472,AFC2FF041FF----------1FF------,,462.8839,462.7668,0.3560136,-14.53078,14737.67,14734.13,-1003.597,-1036.665,1233.79,100.956,2395,1879,4.97,4.94,18,3.54,507,0.5,4,87.01,-5.96E-03,-6.172402,0.9656547,2.646494,-3843.859,447.86,14701.1,45.36,42,68.46,54.18,210,0,61.64
2/26/2024,11:56:22,MP_010,1,69.472,AFC2FF041FF----------1FF------,,487.808,487.4044,0.3560136,4.158275,14811.96,14812.01,-1003.597,-1046.263,1143.32,100.967,2403,1884,5.08,5.1,23.62,3.74,0.7,0.5,4,85.72,-7.13E-03,-6.145315,1.159733,-0.6222484,1336.912,491.14,14769.3,0,0,0,0,0,0,59.72
2/26/2024,12:13:45,MP_010,1,69.472,AFC2FF041FF----------1FF------,,494.688,494.5536,0.3560136,-17.25269,14764.07,14770.93,-1003.597,-899.8177,1142.91,101.004,2408,1887,4.98,4.94,17.97,3.59,536.5,0.4,4,87.09,1.73E-02,-6.352777,-2.728085,2.888608,2141.688,476.92,14874.7,35.64,33,53.79,42.57,165,0,59.72
2/26/2024,12:47:18,MP_010,1,69.472,AFC2FF041FF----------1FF------,,496.7163,496.3755,0.3560136,3.959476,14728.37,14725.9,-1003.597,-695.7484,1116.31,101.01,2416,1890,5.12,5.12,25.03,3.97,0.5,1.4,4,85.82,5.02E-02,-6.405221,-7.840735,-0.6041282,384.1288,499.91,15033.8,0,0,0,0,0,0,56
2/26/2024,13:03:38,MP_010,1,69.472,AFC2FF041FF----------1FF------,,502.3466,502.774,0.3560136,-16.69219,14652.63,14657.79,-1003.597,-714.545,1128.09,101.016,2414,1891,4.96,4.86,17.43,3.53,504.9,0.8,4,86.78,4.76E-02,-6.475313,-7.358497,2.745149,1075.658,485.8,14946.8,46.44,43,70.09,55.47,215,0,56
2/26/2024,13:31:20,MP_010,1,69.472,AFC2FF041FF----------1FF------,,500.6901,500.6914,0.3560136,3.678632,14634.03,14630.74,-1003.597,-628.1796,1113.04,101.019,2418,1893,5.1,5.1,25.03,3.95,0.2,0.8,4,85.66,6.11E-02,-6.39022,-9.555768,-0.563106,416.6505,503.99,15006.2,0,0,0,0,0,0,55.38
2/26/2024,13:46:37,MP_010,1,69.472,AFC2FF041FF----------1FF------,,503.8228,504.0887,0.3560136,-13.07366,14524.36,14530.57,-1003.597,-626.881,1123.91,101.014,2418,1892,4.95,4.88,17.51,3.52,515.3,0.3,4,86.6,6.19E-02,-6.422939,-9.632183,2.142281,844.3156,490.67,14907.3,39.96,37,60.31,47.73,185,0,55.38
2/26/2024,14:29:12,MP_010,1,69.472,AFC2FF041FF----------1FF------,,500.8574,501.3042,0.3560136,3.26109,14597.88,14586.15,-1003.597,-598.8684,1107.33,101.001,2423,1894,5.12,5.12,24.82,3.79,0.5,0.3,4,85.12,6.55E-02,-6.360916,-10.29606,-0.4960739,433.782,504.29,14990.9,0,0,0,0,0,0,52.79
2/26/2024,14:50:48,MP_010,1,69.472,AFC2FF041FF----------1FF------,,512.4587,512.4333,0.3560136,-6.945402,14610.53,14609.07,-1003.597,-718.338,1110.47,100.999,2427,1897,4.96,4.9,17.87,3.4,525,0.3,4,85.92,4.63E-02,-6.396439,-7.236273,1.143708,758.0134,505.15,14894.3,32.4,30,48.9,38.7,150,0,52.79
2/26/2024,15:35:17,MP_010,1,69.472,AFC2FF041FF----------1FF------,,519.8643,519.4789,0.3560136,2.661029,14670.85,14675.29,-1003.597,474.0799,1083.08,101,2434,1899,7.25,7.36,29.31,6.06,0.5,0.3,4,84.99,0.2341545,-6.071111,-38.56865,-0.4815305,507.1659,521.77,16153,0,0,0,0,0,0,51.1
2/26/2024,15:49:17,MP_010,1,69.472,AFC2FF041FF----------1FF------,,535.1578,535.0879,0.3560136,-5.394482,14511.72,14517.42,-1003.597,-765.2067,1100.25,101.015,2433,1900,5.06,5.12,18.69,3.11,503.5,0.5,4,84.31,3.83E-02,-6.123518,-6.25786,0.8904394,757.4708,529.35,14755.8,37.8,35,57.05,45.15,175,0,51.1
2/26/2024,16:18:55,MP_010,1,69.472,AFC2FF041FF----------1FF------,,531.8761,531.1358,0.3560136,2.154244,14517,14516.08,-1003.597,-494.5458,1108.66,101.032,2438,1902,4.98,5,18.57,3.93,0.1,0.3,4,86.36,8.25E-02,-6.471519,-12.74437,-0.3309153,497.5448,532.85,15025.1,0,0,0,0,0,0,50.14
2/26/2024,16:33:01,MP_010,1,69.472,AFC2FF041FF----------1FF------,,540.9667,541.1542,0.3560136,-4.390629,14444.01,14447.46,-1003.597,-459.5092,1102.79,101.028,2439,1902,4.99,4.94,18.19,3.49,499.7,0.5,4,85.98,8.77E-02,-6.473445,-13.54493,0.7064425,623.6299,536.41,14991.6,43.2,40,65.2,51.6,200,0,50.14
2/27/2024,9:51:30,ZPc010,0,0,AFC2FF041FF----------1FF------,,469.6075,469.634,-0.3092483,-0.3092483,10775.05,10747.87,-86.15354,-86.15354,1231.99,99.772,2091,1711,4.99,5.04,16.46,3.97,2.2,0.6,4,72.09,,,,,,469.33,10658,0,0,0,0,0,0,NA
2/27/2024,10:08:44,MP_010,1,69.472,AFC2FF041FF----------1FF------,,470.4015,470.2629,-0.3092483,2.05287,11555.66,11534.68,-86.15354,913.577,1231.89,99.799,2178,1763,4.99,4.94,18.96,4.04,0.4,0.5,4,87.01,0.1795242,-3.875273,-46.32557,-0.5036929,458.4224,472.57,12534.4,0,0,0,0,0,0,49.58
2/27/2024,10:30:27,MP_010,1,69.472,AFC2FF041FF----------1FF------,,471.1935,471.0652,-0.3092483,-13.71146,12296.82,12279.39,-86.15354,540.3976,1224.86,99.846,2256,1809,4.98,4.88,16.79,3.67,538.4,0.4,4,86.88,0.1119114,-4.292382,-26.0721,2.311729,599.4794,457.62,12905.9,37.8,35,57.05,45.15,175,0,49.58
2/27/2024,10:47:20,MP_010,1,69.472,AFC2FF041FF----------1FF------,,470.684,470.8248,-0.3092483,2.575217,12838.39,12826.09,-86.15354,283.7722,1225.6,99.868,2297,1827,4.98,4.92,18.61,3.91,0.3,0.2,4,87.2,6.61E-02,-4.563796,-14.49093,-0.5401965,418.753,473.73,13196,0,0,0,0,0,0,49.18
2/27/2024,10:59:22,MP_010,1,69.472,AFC2FF041FF----------1FF------,,473.0833,472.8336,-0.3092483,-11.59234,13053.18,13048.19,-86.15354,104.0699,1220.99,99.889,2319,1839,4.98,4.93,17.03,3.57,537.4,0.6,4,86.57,3.39E-02,-4.602489,-7.361422,1.967399,883.2601,461.51,13238.4,37.8,35,57.05,45.15,175,0,49.18
2/27/2024,11:26:17,MP_010,1,69.472,AFC2FF041FF----------1FF------,,472.9095,473.1331,-0.3092483,2.566453,13672.75,13666.86,-86.15354,-213.8407,1225.34,99.89,2354,1857,4.98,4.96,19.06,3.94,0.2,0.5,4,86.75,-0.0228305,-4.889053,4.669717,-0.4963452,646.122,476.03,13539.2,0,0,0,0,0,0,48.38
2/27/2024,11:42:22,MP_010,1,69.472,AFC2FF041FF----------1FF------,,475.0074,474.7536,-0.3092483,-8.191594,13930.66,13922.21,-86.15354,-442.4051,1219.2,99.889,2370,1866,4.98,4.93,17.7,3.55,538.9,0.5,4,86.13,-6.34E-02,-4.934482,12.84437,1.412901,298.1719,466.83,13566,36.72,34,55.42,43.86,170,0,48.38
2/27/2024,12:03:00,ZPc010,0,0,AFC2FF041FF----------1FF------,,471.9102,471.652,0.3043452,0.3043452,14248.23,14242.72,-561.6874,-561.6874,1222.01,99.881,2387,1874,4.97,5.04,17.85,3.92,6,0.3,4,86.08,,,,,,472.21,13766.3,0,0,0,0,0,0,NA
2/27/2024,12:22:49,MP_010,1,69.472,AFC2FF041FF----------1FF------,,473.7913,473.4375,0.3043452,2.211144,14369.07,14367.41,-561.6874,-776.5385,1209.29,99.882,2400,1880,5,5.02,22.17,3.78,0.8,0.5,4,85.17,-3.79E-02,-5.473511,6.930801,-0.3138838,550.3082,475.28,14152.6,0,0,0,0,0,0,47.13
2/27/2024,12:38:23,MP_010,1,69.472,AFC2FF041FF----------1FF------,,473.5522,473.752,0.3043452,-3.418483,14367.4,14366.85,-561.6874,-705.835,1213.06,99.896,2409,1885,4.97,4.91,18.01,3.5,514.4,0.4,4,85.69,-2.55E-02,-5.613312,4.548639,0.6620501,246.1393,470.06,14222.7,37.8,35,57.05,45.15,175,0,47.13
2/27/2024,13:14:37,MP_010,1,69.472,AFC2FF041FF----------1FF------,,475.5566,475.5064,0.3043452,1.97169,14633.38,14629.19,-561.6874,-940.2495,1214.35,99.923,2422,1893,5.02,5.04,22.91,3.76,0.5,0.6,4,84.39,-6.71E-02,-5.564308,12.06408,-0.2594154,515.0212,477.17,14250.6,0,0,0,0,0,0,46.13
2/27/2024,13:27:01,MP_010,1,69.472,AFC2FF041FF----------1FF------,,476.6847,476.9482,0.3043452,-0.9819753,14639.67,14639.28,-561.6874,-917.756,1215.59,99.928,2425,1894,4.95,4.95,18.22,3.41,536.1,0.6,4,85.15,-6.32E-02,-5.653045,11.18088,0.2551424,444.1676,475.71,14283.2,36.72,34,55.42,43.86,170,0,46.13
2/27/2024,13:54:51,ZPc010,0,0,AFC2FF041FF----------1FF------,,480.8055,480.0131,-0.1742108,-0.1742108,14762.26,14766.06,-770.9959,-770.9959,1219.57,99.978,2432,1898,4.99,5.11,18.3,3.88,2.8,0.3,4,86.08,,,,,,479.36,14556.9,0,0,0,0,0,0,NA
2/27/2024,14:08:43,MP_010,1,69.472,AFC2FF041FF----------1FF------,,478.102,478.3779,-0.1742108,1.731617,14633.08,14639.03,-770.9959,-823.8312,1213.29,99.944,2433,1898,5.02,5.04,22.72,3.87,0.4,0.7,4,84.73,-9.36E-03,-5.906637,1.585321,-0.3283445,809.3719,480.33,14586.2,0,0,0,0,0,0,45.11
2/27/2024,14:27:17,MP_010,1,69.472,AFC2FF041FF----------1FF------,,478.3641,477.8868,-0.1742108,0.0685626,14558.55,14556.42,-770.9959,-700.0377,1212.92,99.946,2433,1898,4.99,4.95,18.31,3.5,532.2,0.4,4,85.3,1.26E-02,-6.003835,-2.094086,-4.84E-02,446.3257,478.05,14627.4,37.8,35,57.05,45.15,175,0,45.11
2/27/2024,15:16:18,MP_010,1,69.472,AFC2FF041FF----------1FF------,,478.0674,478.1122,-0.1742108,1.683868,15108.77,15130.45,-770.9959,-1095.112,1209.82,99.929,2457,1909,4.98,4.98,22.11,3.86,0.4,0.2,4,85.87,-5.73E-02,-6.165592,9.29213,-0.2960763,534.5656,479.98,14806.3,0,0,0,0,0,0,44.37
2/27/2024,15:38:53,MP_010,1,69.472,AFC2FF041FF----------1FF------,,479.7167,480.2135,-0.1742108,0.7790103,14732.39,14735.69,-770.9959,-750.3625,1210.05,99.956,2456,1908,4.98,4.92,18.9,3.47,529.6,0.5,4,85.33,3.65E-03,-6.15392,-0.5927574,-0.1677856,42.1494,481.21,14756.3,37.8,35,57.05,45.15,175,0,44.37
2/28/2024,9:37:58,ZPc010,0,0,AFC2FF041FF----------1FF------,,473.1641,473.3139,-0.7098458,-0.7098458,10729.07,10715.3,649.109,649.109,1179,99.866,1978,1638,19.99,19.89,16.26,19.58,4,0.3,4,31.8,,,,,,472.62,11362.6,0,0,0,0,0,0,NA
2/28/2024,10:15:33,MP_010,1,69.472,AFC2FF041FF----------1FF------,,471.148,471.198,-0.7098458,14.68014,11868.62,11854.62,649.109,11464.09,1158.31,99.818,2205,1779,19.99,19.93,17.71,19.6,0,0.2,4,91.84,1.845013,0.6597946,2796.344,-3.463745,488.0208,486.59,22669.6,0,0,0,0,0,0,67.01
2/28/2024,10:50:35,MP_010,1,69.472,AFC2FF041FF----------1FF------,,471.9214,471.371,-0.7098458,-10.88567,11745.71,11752.91,649.109,12835.88,1158.04,99.758,2303,1829,19.98,19.85,16.96,19.22,500.8,0.2,4,93.19,2.081257,-0.744389,-2795.927,0.7365985,462.0269,461.08,23939.7,43.2,40,65.2,51.6,200,0,67.01
2/28/2024,11:07:18,ZPc010,0,0,AFC2FF041FF----------1FF------,,472.4033,472.3791,-5.849723,-5.849723,11964.51,11939.57,12728.03,12728.03,1169.98,99.727,2330,1842,19.99,19.91,16.86,19.5,5.3,0.1,4,37.82,,,,,,467.25,24015.2,0,0,0,0,0,0,NA
2/28/2024,11:17:48,MP_010,1,69.472,AFC2FF041FF----------1FF------,,470.9786,470.9166,-5.849723,11.56534,12554.27,12523.72,12728.03,12186.06,1156.07,99.717,2343,1848,19.98,19.89,18.1,19.62,0.1,0.1,4,89.06,-0.091282,11.50107,-7.936824,-2.853432,-76.22501,488.32,11981.8,0,0,0,0,0,0,64.83
2/28/2024,11:33:05,MP_010,1,69.472,AFC2FF041FF----------1FF------,,471.867,472.0739,-5.849723,-13.54288,12937.39,12929.31,12728.03,12311.5,1148.82,99.661,2358,1856,19.99,19.87,17.02,19.29,535.7,0.2,4,93.11,-0.0697521,10.94732,-6.371614,1.30457,773.2769,464.44,12512.8,37.8,35,57.05,45.15,175,0,64.83
2/28/2024,12:01:42,MP_010,1,69.472,AFC2FF041FF----------1FF------,,470.256,470.5032,-5.849723,10.7667,13583.05,13571.91,12728.03,12002.28,1150.51,99.612,2384,1869,19.98,19.91,18.71,19.58,0,0.1,4,91.19,-0.1217539,10.68055,-11.39959,-2.692494,113.6945,487.16,12846.2,0,0,0,0,0,0,62.86
2/28/2024,12:16:01,MP_010,1,69.472,AFC2FF041FF----------1FF------,,471.5827,471.3313,-5.849723,-16.50652,13634.82,13634.47,12728.03,12242.64,1145.77,99.58,2393,1875,19.99,19.88,17.19,19.29,526.6,0.1,4,93.11,-8.11E-02,10.33692,-7.847589,1.794942,807.1993,460.61,13149.1,37.8,35,57.05,45.15,175,0,62.86
2/28/2024,12:48:58,MP_010,1,69.472,AFC2FF041FF----------1FF------,,470.8069,470.9572,-5.849723,9.679485,13921.48,13916.6,12728.03,12037.76,1145.77,99.459,2407,1881,19.99,19.91,18.72,19.6,0,0.1,4,89.4,-0.1153691,10.33212,-11.16606,-2.505037,131.5231,486.48,13226.3,0,0,0,0,0,0,60.04
2/28/2024,13:02:16,MP_010,1,69.472,AFC2FF041FF----------1FF------,,471.2314,471.4259,-5.849723,-20.40297,13901.68,13903.97,12728.03,12208.39,1141.78,99.423,2413,1886,19.98,19.86,17.61,19.22,501.4,0.2,4,93.09,-8.66E-02,10.10658,-8.564924,2.431392,889.1385,456.9,13384.3,43.2,40,65.2,51.6,200,0,60.04
2/28/2024,13:45:41,ZPc010,0,0,AFC2FF041FF----------1FF------,,469.2964,469.0756,-0.4434808,-0.4434808,14047.2,14047.48,1073.584,1073.584,1152.73,99.339,2417,1887,19.98,19.9,17.09,19.49,9.7,0,4,37.58,,,,,,474.44,2393,0,0,0,0,0,0,NA
2/28/2024,13:57:07,MP_010,1,69.472,AFC2FF041FF----------1FF------,,469.3503,469.3672,-0.4434808,8.127462,14057.39,14053.69,1073.584,12139.52,1144.89,99.346,2419,1888,19.98,19.91,18.61,19.6,0.2,0.1,4,89.12,1.870642,-1.766501,-1058.953,-2.306517,475.8463,477.93,25119.6,0,0,0,0,0,0,58.65
2/28/2024,14:08:41,MP_010,1,69.472,AFC2FF041FF----------1FF------,,470.2289,470.5132,-0.4434808,-21.78688,14126.38,14123.22,1073.584,12441.37,1141.02,99.331,2419,1888,19.98,19.89,17.57,19.25,516.8,0.1,4,92.93,1.915903,-2.173592,-881.4457,2.64491,455.3846,449.17,25491,39.96,37,60.31,47.73,185,0,58.65
2/28/2024,14:33:10,MP_010,1,69.472,AFC2FF041FF----------1FF------,,470.8702,471.0742,-0.4434808,7.58673,14263.61,14260.87,1073.584,12309.13,1145.04,99.339,2423,1890,19.99,19.91,18,19.59,0.2,0.2,4,88.52,1.900298,-2.151386,-883.2899,-2.234032,476.7885,479.13,25496.4,0,0,0,0,0,0,56.97
2/28/2024,14:48:19,MP_010,1,69.472,AFC2FF041FF----------1FF------,,472.4333,472.3003,-0.4434808,-21.01934,14386.51,14381.92,1073.584,12534.17,1138.51,99.326,2426,1892,19.99,19.95,17.8,19.18,534.1,0.1,4,92.64,1.92799,-2.443983,-788.8718,2.501069,458.4008,451.72,25842.5,32.4,30,48.9,38.7,150,0,56.97
2/28/2024,15:12:41,MP_010,1,69.472,AFC2FF041FF----------1FF------,,472.2449,471.843,-0.4434808,6.507047,15013.69,15030.2,1073.584,11582.25,1142.65,99.25,2440,1898,19.98,19.92,19.38,19.55,0,0.2,4,87.27,1.773726,-2.158599,-821.7025,-1.992316,476.546,478.72,25538.9,0,0,0,0,0,0,55.36
2/28/2024,15:28:15,MP_010,1,69.472,AFC2FF041FF----------1FF------,,476.4525,475.5653,-0.4434808,-17.62147,14547.82,14553.28,1073.584,12364.41,1138.19,99.247,2437,1895,19.99,19.91,17.8,19.24,515.5,0.2,4,92.88,1.8989,-2.486027,-763.8295,1.944116,464.039,458.28,25844.1,37.8,35,57.05,45.15,175,0,55.36
2/28/2024,15:53:35,MP_010,1,69.472,AFC2FF041FF----------1FF------,,473.5885,474.2148,-0.4434808,5.034669,14547.16,14540.42,1073.584,12159.16,1144.83,99.199,2437,1897,19.98,19.89,18.86,19.56,0.3,0.2,4,86.11,1.874838,-2.280281,-822.1962,-1.80233,478.1041,479.82,25626,0,0,0,0,0,0,53.95
2/28/2024,16:02:55,MP_010,1,69.472,AFC2FF041FF----------1FF------,,475.7969,475.5231,-0.4434808,-15.36483,14525.07,14525.1,1073.584,12243,1141.02,99.192,2435,1897,19.99,19.88,17.54,19.24,507.3,0.1,4,91.53,1.882863,-2.363766,-796.5522,1.583499,465.3884,460.58,25694.5,37.8,35,57.05,45.15,175,0,53.95
2/28/2024,16:33:00,MP_010,1,69.472,AFC2FF041FF----------1FF------,,477.0408,476.5952,-0.4434808,4.160055,14558.1,14551.2,1073.584,11810.69,1143.85,99.168,2433,1897,19.98,19.91,18.42,19.56,0.2,0.1,4,85.33,1.81372,-1.896544,-956.3293,-1.630621,479.9018,481.14,25288.3,0,0,0,0,0,0,52.4
2/28/2024,16:44:13,MP_010,1,69.472,AFC2FF041FF----------1FF------,,476.9566,477.2729,-0.4434808,-12.59498,14529.95,14533.22,1073.584,12119.7,1139.34,99.16,2431,1895,19.98,19.89,17.53,19.24,506.1,0.3,4,91.24,1.859117,-2.222972,-836.3204,1.128002,468.9137,465.19,25579.3,37.8,35,57.05,45.15,175,0,52.4
2/29/2024,9:31:29,ZPc010,0,0,AFC2FF041FF----------1FF------,,472.3464,472.137,-0.4841205,-0.4841205,13608.07,13606.51,706.6701,706.6701,1136.09,98.608,2439,1895,19.98,19.89,17.46,19.49,10.1,0.3,4,33.72,,,,,,471.62,14313.1,0,0,0,0,0,0,NA
2/29/2024,9:44:13,MP_010,1,69.472,AFC2FF041FF----------1FF------,,473.5268,473.4623,-0.4841205,4.727986,13599.96,13598.47,706.6701,13174.07,1130.89,98.619,2436,1895,19.98,19.9,18.63,19.6,0,0.1,4,87.14,2.083804,-2.575938,-808.9495,-1.8459,477.0305,478.67,26065.9,0,0,0,0,0,0,50.58
2/29/2024,10:51:56,MP_010,1,69.472,AFC2FF041FF----------1FF------,,474.1047,474.3241,-0.4841205,-17.346,13789.46,13790.75,706.6701,13996.96,1125.93,98.638,2437,1895,19.99,19.91,17.87,19.21,520.1,0.3,4,92.77,2.213907,-3.60851,-613.5239,1.71998,464.4483,457.48,27081,34.56,32,52.16,41.28,160,0,50.58
2/29/2024,11:16:13,MP_010,1,69.472,AFC2FF041FF----------1FF------,,473.9671,474.0963,-0.4841205,1.964463,13685.62,13687.11,706.6701,13501.47,1136.3,98.672,2439,1897,19.99,19.93,18.68,19.54,0.1,0.1,4,83.41,2.149674,-2.971287,-723.4825,-1.424923,475.6844,476.55,26481.9,0,0,0,0,0,0,49.91
2/29/2024,11:45:09,MP_010,1,69.472,AFC2FF041FF----------1FF------,,475.0686,475.1915,-0.4841205,-11.81694,13519.46,13522.04,706.6701,13571.17,1132.01,98.709,2433,1894,19.98,19.87,17.69,19.05,504.8,0.1,4,91.81,2.153014,-2.972014,-724.4291,0.8478839,467.8658,463.88,26386.5,48.6,45,73.35,58.05,225,0,49.91
2/29/2024,12:10:50,MP_010,1,69.472,AFC2FF041FF----------1FF------,,474.2581,474.4764,-0.4841205,1.03519,13417.83,13416.95,706.6701,11808.58,1139.29,98.673,2431,1894,19.99,19.92,19.3,19.57,0.3,0.3,4,78.81,1.866394,-0.9720808,-1919.999,-1.137559,475.7974,476,24518.9,0,0,0,0,0,0,47.75
2/29/2024,12:24:36,MP_010,1,69.472,AFC2FF041FF----------1FF------,,475.3762,475.3777,-0.4841205,-7.20947,13319.66,13323.93,706.6701,13367.89,1133.78,98.654,2430,1892,19.99,19.9,17.76,19.2,528.3,0.1,4,87.22,2.121431,-2.501618,-848.0236,0.1033229,470.693,468.67,25985.2,41.04,38,61.94,49.02,190,0,47.75
2/29/2024,12:59:36,MP_010,1,69.472,AFC2FF041FF----------1FF------,,476.1446,475.9147,-0.4841205,4.90E-02,13216.54,13216.13,706.6701,11428.9,1143.27,98.595,2426,1892,19.98,19.91,19.2,19.54,0,0.2,4,76.43,1.807785,-0.3730397,-4846.094,-0.9489802,476.3817,476.41,23938.4,0,0,0,0,0,0,46.53
2/29/2024,13:09:41,MP_010,1,69.472,AFC2FF041FF----------1FF------,,475.762,475.7848,-0.4841205,-4.967204,13143.75,13152.14,706.6701,13133.44,1137.87,98.591,2425,1892,19.99,19.89,17.64,19.16,528.3,0.2,4,84.16,2.088789,-2.084176,-1002.213,-0.2502739,472.4948,471.35,25578.9,45.36,42,68.46,54.18,210,0,46.53
2/29/2024,13:46:13,ZPc010,0,0,AFC2FF041FF----------1FF------,,474.1983,474.4553,-0.3577911,-0.3577911,13027.68,13030.53,933.2578,933.2578,1148.58,98.561,2422,1889,19.99,19.9,17.29,19.5,7.7,0.1,4,32.68,,,,,,474.6,13257.7,0,0,0,0,0,0,NA
2/29/2024,13:59:34,MP_010,1,69.472,AFC2FF041FF----------1FF------,,474.9416,475.0706,-0.3577911,-0.5354737,12944.93,12949.87,933.2578,10917.4,1144.96,98.558,2421,1889,19.99,19.92,18.4,19.56,0.2,0.1,4,73.26,1.684098,0.6794509,2478.616,-0.7705113,474.8916,474.91,22934,0,0,0,0,0,0,45.48
2/29/2024,14:09:05,MP_010,1,69.472,AFC2FF041FF----------1FF------,,475.9864,476.0655,-0.3577911,-3.979625,12914.7,12915.42,933.2578,12602.34,1139.72,98.553,2423,1889,19.98,19.86,17.55,19.22,513.2,0.2,4,80.35,1.962616,-1.099709,-1784.669,-0.3330792,472.9798,472.46,24584.5,37.8,35,57.05,45.15,175,0,45.48
2/29/2024,14:39:45,MP_010,1,69.472,AFC2FF041FF----------1FF------,,476.5815,476.5893,-0.3577911,-0.6430653,12977,12972.86,933.2578,10443.55,1141.9,98.54,2426,1891,19.98,19.92,19.43,19.53,0.2,0.1,4,71.39,1.599145,1.145201,1396.388,-0.7147988,476.2577,476.31,22483.2,0,0,0,0,0,0,44.51
2/29/2024,14:50:06,MP_010,1,69.472,AFC2FF041FF----------1FF------,,477.8173,477.4233,-0.3577911,-2.888461,13007.61,13006.54,933.2578,12116.28,1136.89,98.557,2428,1892,19.98,19.91,18.05,19.16,500.4,0.1,4,79.05,1.875437,-0.6211253,-3019.417,-0.4763014,475.0041,474.79,24189.6,37.8,35,57.05,45.15,175,0,44.51
2/29/2024,15:24:08,MP_010,1,69.472,AFC2FF041FF----------1FF------,,477.3453,477.2391,-0.3577911,-0.6690186,13238.69,13252.94,933.2578,9669.594,1136.43,98.509,2444,1896,19.99,19.93,19.14,19.51,0.2,0.2,4,69.06,1.46123,1.672906,873.4684,-0.645979,476.8292,476.92,21989.3,0,0,0,0,0,0,43.47
2/29/2024,15:35:06,MP_010,1,69.472,AFC2FF041FF----------1FF------,,479.2708,479.2762,-0.3577911,-2.245807,13095.62,13097.24,933.2578,11502.61,1134.18,98.514,2439,1895,19.99,19.9,17.96,19.21,533.2,0.1,4,76.38,1.76735,-8.98E-02,-19687.75,-0.5354299,477.3844,477.36,23666.6,37.8,35,57.05,45.15,175,0,43.47
3/1/2024,9:19:17,ZPc010,0,0,AFC2FF041FF----------1FF------,,503.2267,502.8837,-0.459359,-0.459359,12653.35,12642.34,285.5659,285.5659,1165.77,98.354,2442,1898,9.96,10.06,17.96,8.95,7.8,0.2,4,58.29,,,,,,502.38,12926.4,0,0,0,0,0,0,NA
3/1/2024,9:55:57,MP_010,1,69.472,AFC2FF041FF----------1FF------,,486.2509,486.5225,-0.459359,4.201573,13012.39,13007.08,285.5659,4402.413,1152.66,98.368,2445,1899,10,9.98,23.14,9.01,0.3,0.6,4,92.41,0.6949562,-4.734783,-146.7768,-1.114705,482.9703,491.22,17123.9,0,0,0,0,0,0,70.99
3/1/2024,10:19:58,MP_010,1,69.472,AFC2FF041FF----------1FF------,,491.9582,492.2853,-0.459359,-12.56863,13269.46,13259.55,285.5659,4333.294,1162.02,98.371,2448,1902,9.99,9.9,18.85,8.8,530.9,0.3,4,93.42,0.6889653,-4.9892,-138.0913,1.694617,503.1606,480.19,17307.3,34.56,32,52.16,41.28,160,0,70.99
3/1/2024,10:56:07,MP_010,1,69.472,AFC2FF041FF----------1FF------,,483.5374,483.1826,-0.459359,4.020679,13205.42,13214.89,285.5659,4326.093,1151.94,98.357,2457,1905,9.99,9.96,21.97,8.89,0.2,0.6,4,92.72,0.6817377,-4.88406,-139.5842,-1.075253,479.2461,487.58,17255.4,0,0,0,0,0,0,67.26
3/1/2024,11:32:10,MP_010,1,69.472,AFC2FF041FF----------1FF------,,484.6642,484.2086,-0.459359,-16.89891,12826.32,12829.73,285.5659,4830.347,1162.41,98.343,2448,1902,9.99,9.9,18.28,8.78,529.3,0.3,4,93.09,0.7738816,-5.054047,-153.1212,2.388755,495.8048,467.67,17374.5,36.72,34,55.42,43.86,170,0,67.26
3/1/2024,11:50:57,ZPc010,0,0,AFC2FF041FF----------1FF------,,485.9438,485.688,-2.425139,-2.425139,12800.9,12795.13,4796.094,4796.094,1168.89,98.347,2447,1903,9.98,10,17.96,9.09,4.1,0.4,4,92.8,,,,,,483.68,17304.8,0,0,0,0,0,0,NA
3/1/2024,12:10:53,MP_010,1,69.472,AFC2FF041FF----------1FF------,,483.7269,483.709,-2.425139,3.821224,12912.83,12914.83,4796.094,4703.284,1157.19,98.333,2444,1899,10.01,9.94,20.96,9.07,0.2,0.6,4,92.98,-1.57E-02,-0.3967831,39.46786,-1.032779,531.1274,489.99,12822,0,0,0,0,0,0,63.8
3/1/2024,12:32:12,MP_010,1,69.472,AFC2FF041FF----------1FF------,,485.0641,484.7675,-2.425139,-19.08759,12719.73,12722.79,4796.094,4927.166,1162.92,98.33,2439,1899,9.99,9.91,17.99,8.84,541.4,0.3,4,93.01,2.22E-02,-0.4539449,-48.96244,2.778792,556.9485,468.05,12853.9,35.64,33,53.79,42.57,165,0,63.8
3/1/2024,13:08:25,MP_010,1,69.472,AFC2FF041FF----------1FF------,,484.5273,484.4519,-2.425139,3.497639,12896.79,12896.13,4796.094,4657.727,1162.37,98.308,2438,1898,10,9.93,20.9,9.12,0.3,0.5,4,93.01,-2.35E-02,-0.3369298,69.59925,-0.97947,512.5775,490.36,12757.8,0,0,0,0,0,0,61.15
3/1/2024,13:31:39,MP_010,1,69.472,AFC2FF041FF----------1FF------,,482.7447,483.008,-2.425139,-20.067,12673.28,12674.28,4796.094,4893.966,1165.54,98.303,2436,1897,10,9.88,18.12,8.82,535.2,0.3,4,92.9,1.66E-02,-0.3929758,-42.32461,2.952055,574.5156,465.39,12772.2,36.72,34,55.42,43.86,170,0,61.15
3/1/2024,14:27:16,MP_010,1,69.472,AFC2FF041FF----------1FF------,,481.489,481.418,-2.425139,2.633301,12571.76,12571.82,4796.094,4969.317,1166.85,98.28,2433,1895,9.99,9.93,19.64,9.11,0.3,0.3,4,87.27,2.95E-02,-0.3204608,-91.96141,-0.8639503,472.0439,486.46,12745,0,0,0,0,0,0,59.59
3/1/2024,14:44:52,MP_010,1,69.472,AFC2FF041FF----------1FF------,,482.2455,482.2821,-2.425139,-20.28728,12538.96,12538.14,4796.094,4982.455,1164.96,98.274,2431,1895,10,9.9,17.87,8.79,538.9,0.4,4,87.25,3.17E-02,-0.3241748,-97.64209,2.980561,512.2965,464.43,12724.5,37.8,35,57.05,45.15,175,0,59.59
3/1/2024,15:19:23,MP_010,1,69.472,AFC2FF041FF----------1FF------,,481.1768,481.6693,-2.425139,2.966427,12768.59,12765.06,4796.094,4700.63,1162.19,98.233,2432,1894,10,9.96,20.08,9.1,0.5,0.4,4,87.27,-1.62E-02,-0.212677,76.05422,-0.8940697,505.6636,487.16,12669.6,0,0,0,0,0,0,57.58
3/1/2024,15:36:25,MP_010,1,69.472,AFC2FF041FF----------1FF------,,481.4029,481.325,-2.425139,-18.52272,12694.52,12695.89,4796.094,4786.13,1161.86,98.227,2433,1896,10,9.9,18.12,8.79,536.5,0.4,4,87.38,-1.69E-03,-0.279094,6.047365,2.692969,-229.3866,465.25,12685.9,36.72,34,55.42,43.86,170,0,57.58
3/1/2024,15:56:22,ZPc010,0,0,AFC2FF041FF----------1FF------,,480.0491,480.1956,-2.022583,-2.022583,12806.15,12803.04,4675.349,4675.349,1166.34,98.224,2434,1895,9.99,10.02,18.37,9.1,2.9,0.3,4,87.27,,,,,,480.6,12682.1,0,0,0,0,0,0,NA
3/1/2024,16:14:21,MP_010,1,69.472,AFC2FF041FF----------1FF------,,479.762,479.7417,-2.022583,2.625928,12753.44,12755.29,4675.349,4710.641,1159.09,98.22,2434,1894,10,9.93,20.64,9.09,0.3,0.3,4,87.01,5.96E-03,-0.3589019,-16.61876,-0.7784594,411.5469,484.37,12790.6,0,0,0,0,0,0,55.49
3/1/2024,16:28:03,MP_010,1,69.472,AFC2FF041FF----------1FF------,,480.2836,480.4791,-2.022583,-14.69489,12742.71,12739.67,4675.349,4745.418,1162.98,98.224,2436,1896,9.99,9.91,18.26,8.81,539.2,0.3,4,87.51,1.19E-02,-0.3956927,-30.02794,2.115819,578.0831,467.84,12809.7,34.56,32,52.16,41.28,160,0,55.49
3/1/2024,16:59:30,MP_010,1,69.472,AFC2FF041FF----------1FF------,,481.4954,481.6133,-2.022583,2.400317,12788.16,12788.81,4675.349,4656.81,1158.6,98.212,2434,1896,10,9.95,20.28,9,0.2,0.2,4,87.01,-3.13E-03,-0.3204053,9.774479,-0.7360946,603.8126,486.06,12770.3,0,0,0,0,0,0,53.9
3/1/2024,17:15:28,MP_010,1,69.472,AFC2FF041FF----------1FF------,,484.2764,484.1248,-2.022583,-12.10772,12765.62,12765.24,4675.349,4701.432,1163.19,98.21,2436,1897,9.99,9.89,18.47,8.79,540.4,0.1,4,87.32,4.42E-03,-0.3921018,-11.28212,1.686487,707.5451,473.99,12791.3,35.64,33,53.79,42.57,165,0,53.9
3/4/2024,9:19:49,ZPc010,0,0,AFC2FF041FF----------1FF------,,472.631,472.3604,-0.1406177,-0.1406177,8922.936,8900.495,370.5457,370.5457,1208.68,99.836,2096,1703,9.99,10.02,17.61,9.11,7.5,0.2,4,44.28,,,,,,472.18,9268,0,0,0,0,0,0,NA
3/4/2024,9:47:09,MP_010,1,69.472,AFC2FF041FF----------1FF------,,471.7864,471.4543,-0.1406177,2.481586,10087.72,10066.65,370.5457,5885.214,1190.08,99.831,2242,1794,9.99,9.92,18.14,9.11,0.1,0.5,4,87.56,0.9596345,-3.40129,-282.1384,-0.9041075,471.5597,474.05,15581.3,0,0,0,0,0,0,54.17
3/4/2024,10:18:19,MP_010,1,69.472,AFC2FF041FF----------1FF------,,471.0271,471.4498,-0.1406177,-19.0013,11111.61,11092.25,370.5457,5404.897,1186.46,99.822,2332,1845,9.99,9.89,17.66,8.85,531.2,0.2,4,87.64,0.8738716,-3.979117,-219.6144,2.825525,475.5917,452.64,16126.6,34.56,32,52.16,41.28,160,0,54.17
3/4/2024,10:38:53,MP_010,1,69.472,AFC2FF041FF----------1FF------,,468.0993,467.8234,-0.1406177,3.428603,11581.24,11577.31,370.5457,5112.634,1182.36,99.838,2373,1863,10,9.94,20.05,9.06,0.1,0.2,4,87.38,0.8204562,-4.135591,-198.3891,-0.9942005,466.5879,471.38,16319.4,0,0,0,0,0,0,53.55
3/4/2024,10:53:03,MP_010,1,69.472,AFC2FF041FF----------1FF------,,465.9005,466.451,-0.1406177,-20.76901,11637.43,11636.98,370.5457,5175.703,1182.71,99.838,2388,1869,9.99,9.89,17.81,8.77,530,0.7,4,87.35,0.8317183,-4.301855,-193.3394,3.140945,474.3614,445.93,16442.1,35.64,33,53.79,42.57,165,0,53.55
3/4/2024,11:31:00,MP_010,1,69.472,AFC2FF041FF----------1FF------,,469.6395,470.1817,-0.1406177,2.132867,11924.45,11923.92,370.5457,5094.983,1178.04,99.799,2414,1886,10,9.98,19.73,9.04,0.3,0.5,4,86.68,0.8146884,-4.431934,-183.8223,-0.7705051,469.277,472.56,16648.4,0,0,0,0,0,0,51.68
3/4/2024,11:47:14,MP_010,1,69.472,AFC2FF041FF----------1FF------,,468.4504,468.3491,-0.1406177,-15.34805,11887.83,11888.46,370.5457,5221.946,1183.29,99.786,2418,1888,10,9.94,17.54,8.78,540.7,0.3,4,87.3,0.8403883,-4.556659,-184.4308,2.209435,475.0974,453.11,16739.9,37.8,35,57.05,45.15,175,0,51.68
3/4/2024,12:14:23,MP_010,1,69.472,AFC2FF041FF----------1FF------,,466.1991,466.3661,-0.1406177,1.83913,12044.48,12044.72,370.5457,5224.12,1185.83,99.781,2421,1890,10,9.92,17.39,9.09,0.4,0.2,4,87.4,0.8427057,-4.733799,-178.0189,-0.7326416,465.4178,468.39,16898.3,0,0,0,0,0,0,50.44
3/4/2024,12:33:29,MP_010,1,69.472,AFC2FF041FF----------1FF------,,465.8421,465.5473,-0.1406177,-11.04022,11903.52,11909.44,370.5457,5287.493,1186.38,99.775,2418,1889,9.99,9.89,16.99,8.82,515.2,0.3,4,87.14,0.8540424,-4.684805,-182.3005,1.473079,470.5964,454.61,16826.4,37.8,35,57.05,45.15,175,0,50.44
3/4/2024,13:08:03,ZPc010,0,0,AFC2FF041FF----------1FF------,,466.9894,466.7597,-2.191299,-2.191299,11706.39,11709.36,5472.94,5472.94,1191.37,99.746,2413,1887,10,9.99,16.79,9.16,4.6,0.2,4,87.25,,,,,,464.67,16812.2,0,0,0,0,0,0,NA
3/4/2024,13:21:42,MP_010,1,69.472,AFC2FF041FF----------1FF------,,467.2688,467.3961,-2.191299,1.101084,11720.99,11718.46,5472.94,5437.361,1187.05,99.731,2413,1887,10,9.94,17.45,9.12,0.2,0.1,4,86.86,-6.15E-03,0.5800651,-10.60428,-0.5596654,388.0089,470.73,11682.9,0,0,0,0,0,0,48.41
3/4/2024,13:35:47,MP_010,1,69.472,AFC2FF041FF----------1FF------,,466.0648,465.9575,-2.191299,-5.68679,11649.51,11652.57,5472.94,5463.335,1186.74,99.716,2413,1886,9.99,9.89,17.08,8.82,540.9,0.3,4,86.88,-1.66E-03,0.580786,-2.858474,0.5978772,788.1624,462.44,11643,35.64,33,53.79,42.57,165,0,48.41
3/4/2024,14:05:57,MP_010,1,69.472,AFC2FF041FF----------1FF------,,466.8198,467.0538,-2.191299,0.7556525,11760.63,11755.94,5472.94,5257.981,1180.82,99.652,2413,1887,10.01,9.98,19.93,8.96,0.2,0.4,4,85.82,-3.70E-02,0.7668039,-48.20438,-0.4835221,453.8096,470.01,11541,0,0,0,0,0,0,47.71
3/4/2024,14:16:05,MP_010,1,69.472,AFC2FF041FF----------1FF------,,466.2813,466.7087,-2.191299,-4.872629,11740.16,11743.23,5472.94,5302.203,1185.73,99.658,2414,1886,9.96,9.91,17.18,8.77,542.1,0.5,4,86.36,-2.95E-02,0.6758903,-43.61952,0.4713247,480.4484,464.09,11572.5,33.48,31,50.53,39.99,155,0,47.71
3/4/2024,14:47:39,MP_010,1,69.472,AFC2FF041FF----------1FF------,,467.2681,467.5123,-2.191299,0.6338562,11759.99,11751.89,5472.94,5316.435,1183.88,99.634,2418,1888,10,9.94,19.21,9.09,0.5,0.7,4,85.85,-2.70E-02,0.6806708,-39.64185,-0.4687463,451.4143,470.35,11595.4,0,0,0,0,0,0,46.7
3/4/2024,15:03:03,MP_010,1,69.472,AFC2FF041FF----------1FF------,,470.3763,469.896,-2.191299,-2.918914,11992.63,11937.54,5472.94,5165.2,1183.73,99.628,2419,1889,9.99,9.88,17.48,8.75,511.8,0.5,4,86.13,-5.31E-02,0.5967326,-88.90504,0.1488649,471.2744,469.1,11629.8,34.56,32,52.16,41.28,160,0,46.7
3/4/2024,15:34:27,MP_010,1,69.472,AFC2FF041FF----------1FF------,,468.9968,468.7026,-2.191299,0.4755573,11892.36,11893.93,5472.94,5125.352,1180.5,99.632,2432,1893,10,9.94,20.22,9.02,0.5,0.2,4,85.07,-5.98E-02,0.7305367,-81.7942,-0.4250013,462.6821,471.32,11546.3,0,0,0,0,0,0,45.75
3/4/2024,15:42:32,MP_010,1,69.472,AFC2FF041FF----------1FF------,,469.9304,469.9173,-2.191299,-1.578202,11792.53,11799.67,5472.94,5211.522,1182.57,99.63,2431,1893,9.97,9.88,17.55,8.69,502,0.4,4,85.77,-4.50E-02,0.6891053,-65.32915,-8.32E-02,468.0692,470.56,11538.3,39.96,37,60.31,47.73,185,0,45.75
3/4/2024,16:13:23,MP_010,1,69.472,AFC2FF041FF----------1FF------,,474.2621,474.2877,-2.191299,0.1931653,11872.32,11866.74,5472.94,5108.643,1182.24,99.607,2433,1895,10.02,9.99,20.6,9.04,0.3,0.3,4,84.7,-6.27E-02,0.8197665,-76.50423,-0.375881,468.4111,476.68,11502.4,0,0,0,0,0,0,45.01
3/4/2024,16:24:00,MP_010,1,69.472,AFC2FF041FF----------1FF------,,476.4157,476.491,-2.191299,-1.289012,11834.66,11838.46,5472.94,5190.763,1183.03,99.602,2431,1895,9.98,9.89,17.73,8.72,531.1,0.3,4,85.66,-4.86E-02,0.6826424,-71.21345,-0.1304408,474.046,477.41,11556.3,36.72,34,55.42,43.86,170,0,45.01
3/4/2024,16:47:50,MP_010,1,69.472,AFC2FF041FF----------1FF------,,474.4278,474.7508,-2.191299,0.2497208,11853.11,11852.04,5472.94,5018.481,1182.19,99.58,2435,1896,10.01,9.97,20.84,8.97,0.4,0.2,4,84.08,-7.82E-02,0.9125234,-85.72479,-0.3780513,469.6763,477.23,11397.6,0,0,0,0,0,0,44.48
3/4/2024,16:56:01,MP_010,1,69.472,AFC2FF041FF----------1FF------,,475.4473,475.3476,-2.191299,-0.9048751,11803.65,11809.48,5472.94,5123.666,1183.07,99.577,2432,1895,9.95,9.89,17.81,8.66,516,0.1,4,85.25,-6.02E-02,0.7829448,-76.84947,-0.1903938,472.1657,476.61,11460.2,37.8,35,57.05,45.15,175,0,44.48
3/5/2024,9:18:05,ZPc010,0,0,AFC2FF041FF----------1FF------,,480.3137,479.7281,-0.3371292,-0.3371292,10677.37,10662.48,596.7789,596.7789,1148.18,100.086,2353,1853,24.99,24.9,16.34,24.76,6.8,0.2,4,18.77,,,,,,479.32,11257.4,0,0,0,0,0,0,NA
3/5/2024,10:08:13,MP_010,1,69.472,AFC2FF041FF----------1FF------,,476.322,476.3047,-0.3371292,15.73307,11482.84,11475.23,596.7789,13132.08,1133.55,100.137,2378,1864,24.98,24.93,18.62,24.83,0.2,0.1,4,86.91,2.095659,7.69891,272.202,-3.653894,507.2777,492.34,24010.5,0,0,0,0,0,0,69.09
3/5/2024,10:21:52,MP_010,1,69.472,AFC2FF041FF----------1FF------,,474.7142,475.0026,-0.3371292,-8.156005,11552.09,11550.72,596.7789,13622.63,1128.91,100.142,2384,1867,24.99,24.93,16.89,24.54,525.6,0,4,90.7,2.170013,7.117162,304.8987,0.2567475,460.7252,467.19,24576.6,37.8,35,57.05,45.15,175,0,69.09
3/5/2024,10:56:43,MP_010,1,69.472,AFC2FF041FF----------1FF------,,470.9839,471.0881,-0.3371292,12.38334,11822.73,11818.15,596.7789,14316.3,1142.06,100.179,2398,1875,24.98,24.91,18.58,24.95,0.2,0.2,4,83.17,2.314478,6.080605,380.6329,-3.210903,492.3399,483.81,25537.7,0,0,0,0,0,0,65.63
3/5/2024,11:10:22,MP_010,1,69.472,AFC2FF041FF----------1FF------,,470.5715,470.6667,-0.3371292,-13.54732,11794.03,11794.79,596.7789,14413.11,1133.45,100.2,2401,1875,24.98,24.91,17.48,24.51,528.7,0.2,4,90.18,2.313412,5.998428,385.6697,1.097023,448.7627,457.44,25611.1,41.04,38,61.94,49.02,190,0,65.63
